{
  "无redis" : {
    "transaction" : "无redis",
    "sampleCount" : 1002,
    "errorCount" : 0,
    "errorPct" : 0.0,
    "meanResTime" : 3562.0858283433104,
    "medianResTime" : 3551.0,
    "minResTime" : 3165.0,
    "maxResTime" : 6774.0,
    "pct1ResTime" : 3731.0,
    "pct2ResTime" : 3786.0,
    "pct3ResTime" : 3841.0,
    "throughput" : 84.66413181242079,
    "receivedKBytesPerSec" : 25.796680265103504,
    "sentKBytesPerSec" : 37.09798795944233
  },
  "Total" : {
    "transaction" : "Total",
    "sampleCount" : 1772,
    "errorCount" : 0,
    "errorPct" : 0.0,
    "meanResTime" : 4954.68566591422,
    "medianResTime" : 3716.5,
    "minResTime" : 513.0,
    "maxResTime" : 7435.0,
    "pct1ResTime" : 6930.7,
    "pct2ResTime" : 7099.7,
    "pct3ResTime" : 7315.4,
    "throughput" : 149.7253907900296,
    "receivedKBytesPerSec" : 45.62160039079003,
    "sentKBytesPerSec" : 65.98765248732572
  },
  "有redis" : {
    "transaction" : "有redis",
    "sampleCount" : 770,
    "errorCount" : 0,
    "errorPct" : 0.0,
    "meanResTime" : 6766.874025974031,
    "medianResTime" : 6689.0,
    "minResTime" : 513.0,
    "maxResTime" : 7435.0,
    "pct1ResTime" : 7119.9,
    "pct2ResTime" : 7248.45,
    "pct3ResTime" : 7379.16,
    "throughput" : 102.776294714362,
    "receivedKBytesPerSec" : 31.31712889582221,
    "sentKBytesPerSec" : 45.636569632608115
  }
}